url_path,views_total,views_unique
/coonwg1/ezscore,29,13
/coonwg1/ezscore/tree/main,3,1
/coonwg1/ezscore/tree/main/src/ezscore,3,1
/coonwg1/ezscore/blob/main/.assets/hypnos_psg.png,2,1
/coonwg1/ezscore/blob/main/.assets/zmax-montage-art-aware.png,1,1
/coonwg1/ezscore/blob/main/src/ezscore/inference.py,1,1
/coonwg1/ezscore/commit/3bb9c7eea19ec3053036af946c5377b11f6f3c3a,1,1
/coonwg1/ezscore/tree/main/.github/workflows,1,1
/coonwg1/ezscore/tree/main/data,1,1
/coonwg1/ezscore/tree/main/data/zmax,1,1
